[
    {
        "condition": "minecraft:entity_properties",
        "entity": "this",
        "predicate": {
            "equipment": {
                "offhand": {
                    "items": [
                        "minecraft:compass"
                    ]
                }
            }
        }
    },
    {
        "condition": "minecraft:inverted",
        "term": {
            "condition": "minecraft:reference",
            "name": "compass:holding_lodestone/off"
        }
    }
]