{
    "condition": "minecraft:any_of",
    "terms": [
        {
            "condition": "minecraft:reference",
            "name": "compass:holding_compass/main"
        },
        {
            "condition": "minecraft:reference",
            "name": "compass:holding_clock/main"
        },
        {
            "condition": "minecraft:reference",
            "name": "compass:holding_recovery/main"
        },
        {
            "condition": "minecraft:reference",
            "name": "compass:holding_lodestone/main"
        },
        {
            "condition": "minecraft:reference",
            "name": "compass:holding_map/main"
        },
        {
            "condition": "minecraft:reference",
            "name": "compass:holding_spyglass/main"
        },
        {
            "condition": "minecraft:reference",
            "name": "compass:holding_amethyst/main"
        }
    ]
}
