{
    "condition": "minecraft:any_of",
    "terms": [
        {
            "condition": "minecraft:reference",
            "name": "compass:holding_compass/off"
        },
        {
            "condition": "minecraft:reference",
            "name": "compass:holding_clock/off"
        },
        {
            "condition": "minecraft:reference",
            "name": "compass:holding_recovery/off"
        },
        {
            "condition": "minecraft:reference",
            "name": "compass:holding_lodestone/off"
        },
        {
            "condition": "minecraft:reference",
            "name": "compass:holding_map/off"
        },
        {
            "condition": "minecraft:reference",
            "name": "compass:holding_spyglass/off"
        },
        {
            "condition": "minecraft:reference",
            "name": "compass:holding_amethyst/off"
        }
    ]
}
